name,date_of_birth,City/ County/ State,State,Countries
Gianna Dior,"May 12th, 1997",Auburn,Alabama,United States
Ashly Anderson,"July 28th, 1996",Enterprise,Alabama,United States
Shay Sights,"March 27th, 1973",Atmore,Alabama,United States
Kaylynn,"September 26th, 1977",Birmingham,Alabama,United States
Lily Love,"May 24th, 1988",Gulf Shores,Alabama,United States
Valerie Fox,"October 11th, 1986",Alabama,Alabama,United States
Aryana Augustine ,"May 14th, 1987",Alabama,Alabama,United States
Daniel Hunter,,Alabama,Alabama,United States
Chanel Preston,"December 1st, 1985",Fairbanks,Alaska,United States
Dakota James,"April 28th, 1994",Alaska,Alaska,United States
Lana Mars,"March 30th, 1998",Alaska,Alaska,United States
Kimber Veils,"August 18th, 1993",Gilbert,Arizona,United States
Scott Nails,"April 29th, 1982",Phoenix,Arizona,United States
Claudia Obey,"September 15th, 1993",Phoenix,Arizona,United States
Holly Michaels,"August 16th, 1990",Phoenix,Arizona,United States
Danni Cole,"March 22nd, 1988",Phoenix,Arizona,United States
J Love,"January 11th, 1983",Phoenix,Arizona,United States
Lizz Tayler,"June 9th, 1990",Phoenix,Arizona,United States
Jodi Taylor,"July 25th, 1993",Phoenix,Arizona,United States
Blair Summers,"May 24th, 1997",Phoenix,Arizona,United States
Karlie Montana,"May 14th, 1986",Phoenix,Arizona,United States
Alektra Blue,"June 9th, 1983",Phoenix,Arizona,United States
Eva Notty,"July 7th, 1982",Phoenix,Arizona,United States
Indica Monroe,"June 17th, 2001",Phoenix,Arizona,United States
Katie Kush,"April 21st, 1997",San Tan Valley,Arizona,United States
Lily Labeau,"January 20th, 1991",Tempe,Arizona,United States
Mackenzee Pierce,"March 10th, 1987",Chandler,Arizona,United States
April O'Neil,"April 7th, 1987",Phoenix,Arizona,United States
Chase Ryder,"January 15th, 1991",Phoenix,Arizona,United States
Chanel St James,"June 1st, 1972",Phoenix,Arizona,United States
Rebel Rhyder,"January 24th, 1994",Phoenix,Arizona,United States
Brooke Haven,"November 25th, 1979",Tempe,Arizona,United States
Xandra Sixx,"January 1st, 1995",Tuscon,Arizona,United States
Madison Scott,"July 13th, 1988",Tempe,Arizona,United States
Jackie Daniels,"November 2nd, 1988",Arizona,Arizona,United States
Lexxi Ward,"December 3rd, 1985",Arizona,Arizona,United States
Kacey Villainess,"June 29th, 1985",Arizona,Arizona,United States
Zoe Kush,"December 4th, 1991",Arizona,Arizona,United States
Rilynn Rae,"March 9th, 1993",Arizona,Arizona,United States
Tylo Duran,"May 1st, 1972",Arizona,Arizona,United States
Alena Croft,"August 25th, 1981",Arizona,Arizona,United States
Ember Stone,"June 12th, 1992",Arizona,Arizona,United States
Jade Nile,"October 15th, 1992",Arizona,Arizona,United States
Blake Eden,"August 25th, 1996",Arizona,Arizona,United States
Jenna Ivory,"June 16th, 1993",Arizona,Arizona,United States
Aiden Ashley,"February 28th, 1990",Arizona,Arizona,United States
Kyler Quinn,"January 8th, 1998",Arizona,Arizona,United States
Ash Hollywood,"May 27th, 1989",Arizona,Arizona,United States
Eliza Allure,"December 11th, 1986",Arizona,Arizona,United States
Victoria Valentina,"April 6th, 1971",Arizona ,Arizona,United States
Jessica Jaymes,"March 8th, 1979",Anchorage,Arkansas,United States
Maddy May,"December 22nd, 1993",Cabot,Arkansas,United States
Gauge,"July 24th, 1980",Hot Springs,Arkansas,United States
Lichelle Marie,"November 24th, 1981",Prairie Grove,Arkansas,United States
Honey White,"July 28th, 1974",Arkansas,Arkansas,United States
Brittany Shae,"July 15th, 1991",Atlanta,Georgia,United States
Jennifer White,"February 6th, 1988",Agoura Hills,California,United States
Dee Dee Lynn,"May 29th, 1992",Bakersfield,California,United States
Britney Amber,"November 10th, 1986",Banning,California,United States
Kendall Karson,"March 28th, 1988",Bay Area,California,United States
Ellena Woods,"April 11th, 1995",Beverly Hills,California,United States
Megan Sage,"January 1st, 1996",Beverly Hills,California,United States
Mary Jane Mayhem,"April 12th, 1994",Burbank,California,United States
Sadie West,"March 13th, 1988",Carlsbad,California,United States
Karma Rx,"January 21st, 1993",Filmore,California,United States
Ashley Graham,"June 29th, 1989",Fresno,California,United States
Raylene,"February 12th, 1977",Glendora,California,United States
Marie Luv,"November 1st, 1981",Hacienda Heights,California,United States
Tia Cyrus,"October 30th, 1990",Hayward,California,United States
Goldie Glock,"March 25th, 1995",Hollywood,California,United States
Misty Stone,"March 26th, 1986",Inglewood,California,United States
Blair Williams,"March 28th, 1994",Loma Linda,California,United States
Tru Kait,"September 11th, 1997",Long Beach,California,United States
Ella Milano,"December 28th, 1989",Long Beach,California,United States
Rico Strong,"September 18th, 1984",Long Beach,California,United States
Jynx Maze,"October 6th, 1990",Long Beach,California,United States
Ember Snow,"February 27th, 1991",Los Angeles,California,United States
Kendall Kross,,Los Angeles,California,United States
Darla Crane,,Los Angeles,California,United States
Ann Marie Rios,"September 5th, 1981",Los Angeles,California,United States
Dyanna Lauren,,Los Angeles,California,United States
Tori Avano,"July 24th, 1991",Los Angeles,California,United States
Mackenzie Lohan,"January 1st, 1996",Los Angeles,California,United States
Ariana Aimes,"March 30th, 1997",Los Angeles,California,United States
Raven Hart,"May 3rd, 1977",Los Angeles,California,United States
Maitland Ward,"February 2nd, 1977",Los Angeles,California,United States
Aryana Adin,"August 17th, 1986",Los Angeles,California,United States
Eva Lovia,"May 29th, 1989",Los Angeles,California,United States
Sofia Rose,"July 24th, 1975",Los Angeles,California,United States
Arya Fae,"June 25th, 1995",Los Angeles,California,United States
Sheena Ryder,"January 19th, 1984",Los Angeles,California,United States
Yurizan Beltran,"November 7th, 1986",Los Angeles,California,United States
Audrey Royal,"April 28th, 1995",Los Angeles,California,United States
Gianna Grey,"January 10th, 1997",Newport Beach,California,United States
Kylie Nicole,"October 23rd, 1993",Newport Beach,California,United States
Randi Wright,"September 16th, 1985",Northridge,California,United States
Layden Sin,"May 24th, 1996",Oceanside,California,United States
Lucas Frost,"February 2nd, 1991",Orange County,California,United States
Alison Tyler,"January 5th, 1990",Orange County,California,United States
Alina West,"March 18th, 1995",Oxnard,California,United States
Whitney Stevens,"August 25th, 1987",Panama,California,United States
Brittany O'Connell,"December 6th, 1972",Panorama City,California,United States
Nikki Knightly,"October 4th, 1992",Pasadena,California,United States
James Deen,"February 7th, 1986",Pasadena,California,United States
Madi Meadows,"December 27th, 1996",Pasadena,California,United States
Kissa Sins,"June 22nd, 1987",Pasadena,California,United States
Trinity StClair,"February 3rd, 1990",Redding,California,United States
Rikki Six,"December 18th, 1990",Riverside,California,United States
Dayton Rains,"March 18th, 1977",Sacramento,California,United States
Angela Attison,"December 8th, 1974",Sacramento,California,United States
Darcie Dolce,"December 10th, 1992",Sacramento,California,United States
Cali Carter,"February 23rd, 1990",Sacramento,California,United States
Kristina Rose,"April 14th, 1984",San Diego,California,United States
Brooke Lee Adams,"July 22nd, 1986",San Diego,California,United States
Jewels Jade,"October 13th, 1971",San Diego,California,United States
Christiana Cinn,"August 23rd, 1989",San Diego,California,United States
Brooklyn Chase,"March 14th, 1985",San Diego,California,United States
Natassia Dreams,"August 31st, 1985",San Diego,California,United States
Molly Bennett,"May 24th, 1998",San Diego,California,United States
Lexi Swallow,"June 27th, 1986",San Diego,California,United States
Alice March,"February 13th, 1994",San Diego,California,United States
Riley Steele,"August 26th, 1987",San Fernando Valley,California,United States
Sydney Cole,"November 2nd, 1995",San Francisco,California,United States
Ryan Conner,"February 12th, 1971",Santa Ana,California,United States
Luscious Lopez,"September 11th, 1981",Santa Cruz,California,United States
Alexis Breeze,"March 7th, 1986",Santa Monica,California,United States
Nikki Rhodes,"January 20th, 1982",Simi Valley,California,United States
Abbey Rain,"February 21st, 1995",Thousand Oaks,California,United States
Jayden Jaymes,"February 13th, 1986",Upland,California,United States
Monique Alexander,"May 26th, 1982",Vallejo,California,United States
Isis Love,"August 27th, 1980",Winnetka,California,United States
Morgan Layne,"August 3rd, 1988",Woodland Hills,California,United States
Carolyn Reese,,Burbank,California,United States
Daisy Marie,"February 6th, 1984",Glendale,California,United States
Eva Angelina,"March 14th, 1985",Huntington Beach,California,United States
Jayden Cole,"October 9th, 1985",Huntington Beach,California,United States
Julia Bond,"February 26th, 1987",Long Beach,California,United States
Katie Morgan,,Los Angeles,California,United States
Havana Ginger,"February 27th, 1984",Los Angeles,California,United States
Julia Ann,"October 8th, 1969",Los Angeles,California,United States
Kali Roses,"January 16th, 1996",Los Angeles,California,United States
Jada Fire,"September 1st, 1976",Los Angeles,California,United States
Audrey Bitoni,"August 16th, 1986",Pasadena,California,United States
Darryl Hanah,"July 14th, 1972",Sacramento,California,United States
Mia Bangg,"April 11th, 1985",San Diego,California,United States
Emma Starr,"June 1st, 1971",San Diego,California,United States
Trina Michaels,"January 13th, 1982",San Francisco,California,United States
Jenaveve Jolie,"June 4th, 1984",San Luis Obispo,California,United States
Kayla Paige,"May 8th, 1983",Santa Clarita,California,United States
Amber Rayne,"September 19th, 1984",Santa Maria,California,United States
Kristal Summers,"September 1st, 1972",Santa Monica,California,United States
Taylor Chanel,"December 19th, 1985",Upland,California,United States
Van Wylde,"March 15th, 1990",Anaheim,California,United States
Alyx Star,"September 7th, 1998",Bay Area,California,United States
Mariah Milano,"December 31st, 1979",Chatsworth,California,United States
Bradley Remington,"March 5th, 1984",Costa Mesa,California,United States
Mary Moody,"August 23rd, 1992",Davis,California,United States
Mariah Madysinn,"March 7th, 1986",Hanford,California,United States
Daizy Cooper,"January 14th, 1998",Hollywood,California,United States
Zoey Foxx,"May 1st, 1993",Humboldt,California,United States
Brandy Aniston,"October 19th, 1984",Huntington Beach,California,United States
Ella Knox,"May 12th, 1993",Indio,California,United States
Heather Vahn,"September 26th, 1988",La Mirada,California,United States
Aubrey Kate,"November 7th, 1993",Laguna Beach,California,United States
Dahlia Sky,"August 10th, 1989",Lake Elsinore,California,United States
Justin Syder,"December 31st, 1969",Long Beach,California,United States
Vicki Chase,"February 6th, 1985",Los Angeles,California,United States
Kylie Le Beau,"June 14th, 1991",Los Angeles,California,United States
Bailey Brooke,"February 9th, 1996",Los Angeles,California,United States
Jake Jace,,Los Angeles,California,United States
Francesca Le,"December 28th, 1970",Los Angeles,California,United States
Joe Blow,,Los Angeles,California,United States
Lacie James,"March 27th, 1980",Los Angeles,California,United States
Mark Wood,"June 6th, 1968",Los Angeles,California,United States
Nadia Styles,,Los Angeles,California,United States
Uma Jolie,"April 8th, 1995",Los Angeles,California,United States
Elizabeth Jolie,"May 26th, 1995",Los Angeles,California,United States
Kat Dior,"August 16th, 1993",Los Angeles,California,United States
Kiara Mia,"January 24th, 1977",Los Angeles,California,United States
Ivy Lebelle,"June 15th, 1987",Los Angeles,California,United States
Ana Foxxx,"October 29th, 1988",Los Angeles,California,United States
Porsha Carrera,"December 31st, 1987",Los Angeles,California,United States
Jelena Jensen,"October 7th, 1981",Los Angeles,California,United States
Allison Moore,"July 7th, 1984",Malibu,California,United States
Cassidey,"December 24th, 1980",Monterey,California,United States
Phoenix Marie,"September 21st, 1981",Moreno Valley,California,United States
Claudia Valentine,"June 9th, 1976",Newport Beach,California,United States
Ashley Fires,"March 2nd, 1982",Northridge,California,United States
Nina Hartley,"March 11th, 1959",Oakland,California,United States
Jessica Bangkok,"December 19th, 1980",Oakland,California,United States
Daya Knight,"December 15th, 1996",Oakland,California,United States
Kylie Kingston,,Orange County,California,United States
Vanessa Blake,"February 16th, 1989",Orange County,California,United States
Aleksa Nicole,"April 24th, 1987",Orange County,California,United States
Lana Violet,"June 29th, 1988",Orange County,California,United States
Megan Rain,"June 13th, 1996",Palm Springs,California,United States
Mia Malkova,"July 1st, 1992",Palm Springs,California,United States
Justin Hunt,"December 31st, 1988",Palm Springs,California,United States
Eliza Ibarra,"March 22nd, 1997",Riverside,California,United States
Lolly Ink,"April 16th, 1983",Riverside County,California,United States
Bella Rolland,"July 11th, 1994",Sacramento,California,United States
September Reign,"September 15th, 1990",Sacramento,California,United States
Charmane Star,"May 5th, 1979",Sacramento,California,United States
Jayden Lee,"June 28th, 1993",Sacramento,California,United States
Avy Scott,"November 2nd, 1981",Sacramento,California,United States
Nicole Aniston,"September 9th, 1987",San Diego,California,United States
Mandy Muse,"October 18th, 1994",San Diego,California,United States
Jon Jon,"April 30th, 1981",San Diego,California,United States
Small Hands,"June 25th, 1982",San Diego,California,United States
Shannon Kelly,"November 30th, 1975",San Diego,California,United States
Vanessa Veracruz,"December 6th, 1987",San Fernando Valley,California,United States
Gia Dimarco,"November 10th, 1986",San Francisco,California,United States
Reena Sky,"October 16th, 1983",San Francisco,California,United States
Ruby Knox,"June 29th, 1985",San Francisco,California,United States
Summer Brielle,"February 7th, 1987",San Francisco,California,United States
Mark Ashley,,San Francisco,California,United States
Cali Caliente,"October 2nd, 1989",San Francisco,California,United States
Yasmine de Leon,"October 29th, 1983",San Jose,California,United States
Stevie Shae,"October 23rd, 1992",San Jose,California,United States
Halle Hayes,"September 2nd, 1998",San Jose,California,United States
Kira Noir,"July 16th, 1994",San Marino,California,United States
Janet Mason,,Santa Barbara,California,United States
Lana Lopez,"March 15th, 1982",Santa Monica,California,United States
Stormy Daniels,"March 17th, 1979",Santa Monica,California,United States
Shauna Skye,"November 27th, 1989",Venice Beach,California,United States
Diana Grace,"January 1st, 1993",Whittier,California,United States
Mikayla,"August 29th, 1980",Burbank,California,United States
Jenna Haze,"February 22nd, 1982",Fullerton,California,United States
Michael Vegas,"June 4th, 1984",Los Angeles,California,United States
Regan Reese,"October 23rd, 1984",Los Angeles,California,United States
Tyler Nixon,"July 8th, 1987",Redondo Beach,California,United States
Dana Vespoli,"September 22nd, 1972",San Francisco,California,United States
Mai Ly,"December 31st, 1988",San Juan Capistrano,California,United States
Layton Benton,"October 10th, 1991",CA,California,United States
Tasha Reign,"January 15th, 1989",Laguna Beach,California,United States
Dayna Vendetta,"July 1st, 1990",Cal,California,United States
Romeo Price,"March 27th, 1985",California,California,United States
Lola Foxx,"November 1st, 1991",California,California,United States
Loni Evans,"August 5th, 1990",California,California,United States
Darcy Tyler,"September 6th, 1982",California,California,United States
Holly West,"March 19th, 1980",California,California,United States
Celeste Star,"December 28th, 1985",California,California,United States
Briella Bounce,"March 1st, 1989",California,California,United States
Hope Howell,"April 29th, 1991",California,California,United States
Sienna West,"November 6th, 1977",California,California,United States
Natalia Rogue,"December 16th, 1988",California,California,United States
Skylar Price,"December 3rd, 1980",California,California,United States
Emily Parkee,"August 20th, 1986",California,California,United States
Mckenzee Miles,"December 19th, 1986",California,California,United States
Louisa Lanewood,"January 19th, 1985",California,California,United States
Persia Pele,"August 5th, 1974",California,California,United States
Allyssa Hall,"November 28th, 1988",California,California,United States
Riley Ray,"November 28th, 1989",California,California,United States
Sergio,"June 17th, 1970",California,California,United States
Sky,"February 13th, 1973",California,California,United States
Nicky,"August 11th, 1989",California,California,United States
Michelle Brown,"October 7th, 1989",California,California,United States
Rachel Love,"November 22nd, 1973",California,California,United States
Brittany,"June 10th, 1987",California,California,United States
Leah Parker,"January 13th, 1989",California,California,United States
Ahryan Astyn,"December 30th, 1981",California,California,United States
Allie Jordan,"August 30th, 1987",California,California,United States
Chayse Evans,"August 2nd, 1986",California,California,United States
Lux Kassidy,"May 17th, 1985",California,California,United States
Bruno,"April 27th, 1981",California,California,United States
Lizzy London,"March 12th, 1992",California,California,United States
Bobbi Starr,"April 6th, 1983",California,California,United States
Mason Moore,"February 1st, 1985",California,California,United States
Venessa,"May 27th, 1974",California,California,United States
Riley Jensen,"August 28th, 1990",California,California,United States
Eden Adams,"April 21st, 1989",California,California,United States
Carmen Mcarty,"December 30th, 1988",California,California,United States
Kimmy Olsen,"November 20th, 1987",California,California,United States
Sophia Jade,"May 26th, 1992",California,California,United States
Austin Taylor,"February 10th, 1983",California,California,United States
Felony,"December 14th, 1979",California,California,United States
Charlee Monroe,"May 14th, 1992",California,California,United States
Sandee Westgate,"May 5th, 1979",California,California,United States
Megan Vaughn,"February 7th, 1992",California,California,United States
Abbey Brooks,"February 14th, 1983",California,California,United States
Jasmeen,"March 7th, 1984",California,California,United States
Tiffany Star,"July 18th, 1991",California,California,United States
Nikki Capone,"February 6th, 1986",California,California,United States
Jayden Starr,"October 5th, 1988",California,California,United States
Ryan Keely,"July 2nd, 1984",California,California,United States
Daisy Taylor,"May 28th, 1998",California,California,United States
Savannah Sixx,"June 22nd, 1999",California,California,United States
Sabina Rouge,"June 6th, 1997",California,California,United States
Dani Jensen,"December 26th, 1987",California,California,United States
Kiera Rose,"September 16th, 1995",California,California,United States
Jade Aspen,"February 26th, 1991",California,California,United States
Catie Parker,"August 3rd, 1993",California,California,United States
Richie Calhoun,,California,California,United States
Emerge,"October 2nd, 1976",California,California,United States
Julius Ceazher,"September 23rd, 1980",California,California,United States
Stephanie Cane,"November 11th, 1986",California,California,United States
Missy Stone,"November 25th, 1987",California,California,United States
Riley Chase,"June 18th, 1987",California,California,United States
Sophia Lomeli,"July 10th, 1979",California,California,United States
Billy Glide,"July 25th, 1970",California,California,United States
Ashli Ames,"March 3rd, 1985",California,California,United States
Giselle Leon,"March 18th, 1990",California,California,United States
Rachele Richey,"December 20th, 1994",California,California,United States
Sheena Rose,"March 25th, 1992",California,California,United States
Tegan James,"June 24th, 1980",California,California,United States
Alex Blake,"March 9th, 1998",California,California,United States
Brett Rossi,"May 21st, 1989",California,California,United States
Sarah Banks,"April 23rd, 1997",California,California,United States
Cassidy Klein,"May 29th, 1991",California,California,United States
Alex D,"June 6th, 1990",California,California,United States
Richie Black,"August 6th, 1990",California,California,United States
Anna Bell Peaks,"July 26th, 1981",Chattsworth,California,United States
Mandy Sky,"April 21st, 1992",Los Angeles,California,United States
Rihanna Rimes,,Los Angeles,California,United States
Nikki Daniels,"May 24th, 1987",Los Angeles,California,United States
Alix Lovell,"February 6th, 1991",Los Angeles,California,United States
Roxy Nicole,"January 27th, 1996",Los Angeles,California,United States
Jenna Reid,"May 8th, 1997",Los Angeles,California,United States
Lily Jordan,"January 16th, 1998",Los Angeles,California,United States
Ayumi Anime,"October 17th, 1989",Los Angeles,California,United States
Kimmy Granger,"May 18th, 1995",San Diego,California,United States
Kristen Scott,"March 13th, 1995",San Diego,California,United States
Honey Gold,"July 9th, 1993",San Francisco,California,United States
Dane Cross,"October 3rd, 1983",San Francisco,California,United States
Remy LaCroix,"June 26th, 1988",San Francisco,California,United States
Alexa Aimes,"March 7th, 1989",San Fransisco,California,United States
Katie St. Ives,"December 19th, 1988",Sherman Oaks,California,United States
Maya Bijou,"December 31st, 1997",Valiejo,California,United States
Ashli Orion,"June 17th, 1987",California,California,United States
Aila Donovan ,"May 24th, 1993",California,California,United States
Michael Stefano,,California,California,United States
Damon Dice,"February 8th, 1988",California,California,United States
Julie Kay,"May 24th, 1996",California,California,United States
Keisha Grey,"June 9th, 1994",California,California,United States
Katrina Jade,"October 31st, 1991",California,California,United States
Missy Martinez,"July 15th, 1986",California,California,United States
Juan El Caballo Loco,"April 6th, 1998",California,California,United States
Angel Smalls,"April 1st, 1993",California,California,United States
Avery Adair,"October 31st, 1996",California,California,United States
Shay Fox,,California,California,United States
Rachel Solari,"August 13th, 1986",California,California,United States
Ricki White,"November 12th, 1985",California,California,United States
Presley Hart,,California,California,United States
Breanna Sparks,"June 26th, 1985",California,California,United States
James Maverick,"December 31st, 1969",California,California,United States
Riley Jenner,"December 31st, 1969",California,California,United States
Elexis Monroe,"March 8th, 1980",California,California,United States
Mia Lelani,"September 16th, 1988",California,California,United States
Sloan Harper,"July 1st, 1994",California,California,United States
Charlotte Sartre,"December 6th, 1994",California,California,United States
Keira Croft,"March 17th, 1995",California,California,United States
Rocky Emerson,"December 12th, 1991",San Diego,California,United States
Isis Taylor,"October 23rd, 1989",San Fernando Valley,California,United States
Lily Lane,"August 12th, 1987",San Francisco,California,United States
August,"September 13th, 1981",California ,California,United States
Brooke Belle,"April 29th, 1982",California ,California,United States
Holly Heart,"December 24th, 1981",California ,California,United States
Courtney Taylor,"May 7th, 1988",California ,California,United States
Madison Morgan,"June 1st, 1994",Los Angeles,California,United States
Lyra Law,"December 30th, 1992",Los Angeles,California,United States
Aliya Brynn,"March 30th, 1999",Los Angeles,California,United States
Nolina Nyx,"December 15th, 1995",Los Angeles,California,United States
Diamond Jackson,"July 6th, 1966",Southern California,California,United States
Nikki Sexx,"February 27th, 1983",Southern California,California,United States
Blake Morgan,"September 22nd, 1984",Southern California ,California,United States
Penny Flame,"February 22nd, 1983",Aurora,Colorado,United States
Shane Blair,"November 20th, 1996",Colorado Springs,Colorado,United States
Kelly Diamond,"February 10th, 1993",Denver,Colorado,United States
Sammie Six,"September 10th, 1988",Denver,Colorado,United States
Ryan Driller,"August 17th, 1982",Denver,Colorado,United States
Inari Vachs,"September 2nd, 1974",Aspen,Colorado,United States
Nickey Huntsman,"October 3rd, 1992",Colorado Springs,Colorado,United States
Quinn Wilde,"December 31st, 1997",Denver,Colorado,United States
Misty Mason,"February 22nd, 1985",Denver,Colorado,United States
Troy Halston,"February 5th, 1974",Denver,Colorado,United States
Vanna Bardot,"February 3rd, 1999",Denver,Colorado,United States
Anthony Pierce,"February 4th, 2000",Fort Collins,Colorado,United States
Scarlet Banks,"May 13th, 1991",Colorado,Colorado,United States
Jezabel Vessir ,"April 13th, 1990",Colorado,Colorado,United States
Gwen Stark,"February 15th, 1996",Colorado,Colorado,United States
Anikka Albrite,"October 28th, 1984",Colorado,Colorado,United States
Jessica Ryan,"September 3rd, 1986",Colorado,Colorado,United States
Callie Cyprus,"April 8th, 1993",Denver,Colorado,United States
Ally Kay,"May 24th, 1995",Colorado ,Colorado,United States
Bella Reese,"July 21st, 1987",Connecticut,Connecticut,United States
Lacey DuValle,"April 5th, 1982",Washington,D.C.,United States
Veronica Raquel,"August 21st, 1982",Georgetown,Delaware,United States
Sara Stone,"August 25th, 1983",Delaware,Delaware,United States
Gogo Fukme,"November 4th, 1987",Delaware,Delaware,United States
Ashley Sinclair,"June 7th, 1991",Clearwater,Florida,United States
Kitty Bella ,"August 6th, 1989",Fort Lauderdale,Florida,United States
Anna Morna,"March 15th, 1990",Gainesville,Florida,United States
Mia Pearl,"January 15th, 1996",Jacksonville,Florida,United States
Abella Danger,"November 19th, 1995",Miami,Florida,United States
Adriana Maya,"April 2nd, 1996",Miami,Florida,United States
Havana Bleu,"August 25th, 1986",Miami,Florida,United States
Jenna Sativa,"November 12th, 1992",Miami,Florida,United States
Kymberlee Anne,"November 21st, 1994",Miami,Florida,United States
Raven Redmond,"March 29th, 1997",Miami,Florida,United States
Dillion Carter,"November 15th, 1993",Miami,Florida,United States
Nicole Bexley,"July 21st, 1997",Miami,Florida,United States
Serena Avary,"May 28th, 1997",Miami,Florida,United States
Penny Pax,"February 18th, 1989",Miami,Florida,United States
Lela Star,"June 13th, 1985",Miami,Florida,United States
Derrick Ferrari,"January 1st, 1988",Miami,Florida,United States
Natalie Brooks,"October 18th, 1997",Miami,Florida,United States
Jenny Hendrix,"April 5th, 1986",New Port Richey,Florida,United States
Jessie Wylde,"November 9th, 1996",Orlando,Florida,United States
Anastasia Knight,"September 24th, 1999",Orlando,Florida,United States
Renee Roulette,"August 1st, 1996",Sarasota,Florida,United States
Amia Miley,"November 23rd, 1990",Satellite Beach,Florida,United States
Kandie Monaee,"October 16th, 1997",St. Petersburg,Florida,United States
Spencer Scott,"April 4th, 1989",St.Petersburg,Florida,United States
Carmen Caliente,"September 10th, 1994",Tampa,Florida,United States
Brooke Wylde,"May 31st, 1995",Tampa,Florida,United States
Gianna Nicole,"March 16th, 1995",Tampa,Florida,United States
Raven Bay,"January 24th, 1993",Tampa Bay,Florida,United States
Peta Jensen,"December 24th, 1990",Zephyrhills,Florida,United States
Kelsi Monroe,"June 30th, 1994",Fort Lauderdale,Florida,United States
Brooke Brand,"September 28th, 1983",Gainesville,Florida,United States
Mason Storm,"May 6th, 1974",Miami,Florida,United States
Ice La Fox,"February 28th, 1983",Miami,Florida,United States
Skye Blue,"June 28th, 1996",Cocoa Beach,Florida,United States
Ricky Spanish,"August 24th, 1994",Fort Lauderdale,Florida,United States
Lola Fae,"May 13th, 1996",Fort Lauderdale,Florida,United States
Sienna Milano,"September 15th, 1987",Fort Lauderdale,Florida,United States
Amari Anne,"March 4th, 1995",Fort Lauderdale,Florida,United States
Nina Dolci,"November 15th, 1980",Fort Lauderdale,Florida,United States
Desiree Lopez,"January 4th, 1992",Fort Myers,Florida,United States
Scarlit Scandal,,Fort Pierce,Florida,United States
Tory Lane,"September 30th, 1982",Ft Lauderdale,Florida,United States
Nina Diaz,"June 15th, 2001",Ft. Lauderdale,Florida,United States
Jasmine Caro,"June 2nd, 1989",Hialeah,Florida,United States
Seth Gamble,"February 10th, 1988",Hollywood,Florida,United States
Ivy Secret,"April 27th, 1988",Jacksonville,Florida,United States
Kylie Rocket,"April 11th, 2001",Jacksonville,Florida,United States
Nicki Hunter,"December 19th, 1979",Lake Worth,Florida,United States
Riley Reid,"July 9th, 1991",Loxahatchee,Florida,United States
Skye West,"June 21st, 1993",Miami,Florida,United States
Kylie Sinner,,Miami,Florida,United States
Brandi ,"May 16th, 1984",Miami,Florida,United States
Emy Reyes,"June 1st, 1987",Miami,Florida,United States
Alex Gonz,"February 20th, 1979",Miami,Florida,United States
Abella Anderson,"May 16th, 1988",Miami,Florida,United States
Jessie Andrews,"March 22nd, 1992",Miami,Florida,United States
Jay Savage,"November 2nd, 1993",Miami,Florida,United States
Marilyn Mansion,"November 12th, 1998",Miami,Florida,United States
Noemie Bilas,"August 29th, 1996",Miami,Florida,United States
Katana Kombat,"July 11th, 1988",Miami,Florida,United States
Ryan Smiles,"July 17th, 1993",Miami,Florida,United States
Brooklyn Gray,"March 15th, 1999",Miami,Florida,United States
Barbie Crystal,"November 10th, 1997",Miami,Florida,United States
Charlie Laine,"January 31st, 1984",Miami,Florida,United States
Naomi Woods,"June 1st, 1996",Miami Beach,Florida,United States
Daisy Stone,"September 4th, 1996",Miami Beach,Florida,United States
Serena Santos,"June 3rd, 1997",Miami Beach,Florida,United States
Charlotte Rayn,"September 5th, 1992",Orlando,Florida,United States
Krystal Steale,"November 29th, 1982",Orlando,Florida,United States
Gabriela Lopez,"April 10th, 1998",Sebring,Florida,United States
Kiki Klout,"July 21st, 1995",Tampa,Florida,United States
Ashley Adams,"August 7th, 1996",Tampa,Florida,United States
Zoey Taylor,"February 11th, 1996",Tampa,Florida,United States
Naomi Swann,"August 18th, 1999",Tampa,Florida,United States
Piper Perri,"November 8th, 1994",Tampa,Florida,United States
Maya Farrell,,Tampa,Florida,United States
Riley Evans,"June 3rd, 1986",Zephyrhills,Florida,United States
Jayde Symz,"May 2nd, 1994",Miami,Florida,United States
Candace Von,"September 19th, 1984",Florida,Florida,United States
Amber Lynn,"July 3rd, 1972",Florida,Florida,United States
Logan Exx,"November 21st, 1984",Florida,Florida,United States
Haley Cummings,"March 22nd, 1991",Florida,Florida,United States
Brit,"December 31st, 1985",Florida,Florida,United States
Kurt Lockwood,,Florida,Florida,United States
Mandy Haze,"September 28th, 1987",Florida,Florida,United States
Ashley Grace,"December 7th, 1988",Florida,Florida,United States
Tara Holiday,"March 5th, 1987",Florida,Florida,United States
Sunny Lane,,Florida,Florida,United States
Emma Rose,"February 19th, 1996",Florida,Florida,United States
Kuleana,"December 23rd, 1996",Florida,Florida,United States
Casey Calvert,"March 17th, 1990",Florida,Florida,United States
Kendra James,"January 18th, 1981",Florida,Florida,United States
Paisley Rae,"December 31st, 1969",Florida,Florida,United States
Molly Mae,"June 18th, 1996",Florida,Florida,United States
Lucy Doll,"February 20th, 1997",Florida,Florida,United States
Natalie Monroe ,"April 21st, 1995",Florida,Florida,United States
Roxy Raye,"June 2nd, 1989",Florida,Florida,United States
John Strange,"November 21st, 1980",Florida,Florida,United States
Cris Commando,"January 30th, 1986",Florida,Florida,United States
Anthony Rosano,"January 31st, 1977",Florida,Florida,United States
Rhyse Richards,"May 21st, 1972",Florida,Florida,United States
Avrill Hall,"June 26th, 1991",Florida,Florida,United States
Mellanie Monroe,"September 14th, 1976",Florida,Florida,United States
Luna Kitsuen,"December 18th, 1992",Florida,Florida,United States
Rhylee Richards,"March 27th, 1980",Florida,Florida,United States
 Alex Little,"August 12th, 1995",Florida,Florida,United States
Rahyndee James,"May 16th, 1991",Florida,Florida,United States
Kylie Rose,,Florida,Florida,United States
Lilith Shayton,,Florida,Florida,United States
Liza Rowe,"December 11th, 1996",Florida,Florida,United States
Brittney White,"December 31st, 1997",Florida,Florida,United States
Aubrey Rose,"February 3rd, 1994",Florida,Florida,United States
Kirsten Lee,"April 10th, 1995",Florida,Florida,United States
Skyla Novea,"May 7th, 1994",Florida,Florida,United States
Skyla Novea,"May 7th, 1994",Florida,Florida,United States
Hime Marie,"August 23rd, 1995",Florida,Florida,United States
Cory Chase,"February 25th, 1981",Florida,Florida,United States
Aidra Fox,"September 25th, 1995",Florida,Florida,United States
Peter Green,"September 5th, 1993",Florida,Florida,United States
JMac,"March 12th, 1985",Florida,Florida,United States
Ryan Ryans,"March 8th, 1990",Florida,Florida,United States
Peyton Sweet,"December 9th, 1996",Miami,Florida,United States
Jade Baker,"May 12th, 1997",Miami,Florida,United States
Kimber Woods,"October 29th, 1993",Miami,Florida,United States
Cece Capella,"September 18th, 1996",Florida,Florida,United States
Raylin Ann,"August 17th, 1997",Florida,Florida,United States
Tony Rubino,"March 20th, 1980",Florida,Florida,United States
JoJo Kiss,"January 1st, 1997",Florida,Florida,United States
Lena Paul,"October 12th, 1993",Florida,Florida,United States
Riley Star,"October 23rd, 1996",Florida,Florida,United States
Harlow Harrison,"August 25th, 1992",Florida,Florida,United States
Nina North ,"March 5th, 1995",Florida,Florida,United States
Alaina Kristar,"November 17th, 1995",Florida,Florida,United States
Daisy Haze,"April 19th, 1993",Florida,Florida,United States
Aubrey Star,"April 25th, 1995",Florida,Florida,United States
Richie Deville,"June 11th, 1986",Florida,Florida,United States
Kimmy Lee,"March 10th, 1982",Florida,Florida,United States
Callie Calypso,"December 4th, 1991",Florida,Florida,United States
Alby Rydes,"May 24th, 1996",Florida,Florida,United States
Isabella De Santos ,"October 20th, 1987",Florida,Florida,United States
Jeni Juice,"June 24th, 1992",Florida,Florida,United States
Mya Mays,"November 15th, 1991",Florida,Florida,United States
Jordan Ash,"May 27th, 1978",Florida,Florida,United States
Levi Cash,"December 28th, 1979",Florida,Florida,United States
Jonathan Jordan,,Florida,Florida,United States
Adira Allure,"March 16th, 1995",Jacksonville,Florida,United States
Kira Perez,"June 1st, 1999",Miami,Florida,United States
Clara Trinity,"August 20th, 2001",Pensacola,Florida,United States
Carter Cruise,"April 24th, 1991",Atlanta,Georgia,United States
Bella Bellz ,"March 28th, 1985",Atlanta,Georgia,United States
Jessi June,"November 23rd, 1991",Atlanta,Georgia,United States
Anya Ivy,"January 28th, 1992",Atlanta,Georgia,United States
Joseline Kelly,"November 16th, 1996",Atlanta,Georgia,United States
Alex Grey,"April 20th, 1996",Fort Benning,Georgia,United States
Sofia Su,"February 23rd, 1998",Atlanta,Georgia,United States
Tori Montana,"August 9th, 2000",Atlanta,Georgia,United States
Ruby Sparx,"June 19th, 1993",Atlanta,Georgia,United States
Jada Stevens,"July 4th, 1988",Atlanta,Georgia,United States
Chris Blaccwood,"April 6th, 1996",Atlanta,Georgia,United States
Athena Palomino,"March 17th, 1997",Savannah,Georgia,United States
August Taylor,"May 28th, 1991",Georgia,Georgia,United States
Veronica Vain,"May 3rd, 1991",Georgia,Georgia,United States
Caitlin Bell,"June 20th, 1985",Atlanta,Georgia,United States
Kaden Kole,"August 1st, 1981",Atlanta,Georgia,United States
Tony D,"April 19th, 1970",Georgia,Georgia,United States
Gizelle Blanco,"February 26th, 1999",Honolulu,Hawaii,United States
Nina Rivera,"July 3rd, 1992",Honolulu,Hawaii,United States
Maui Kane,"December 27th, 1971",Maui,Hawaii,United States
Kailani Kai,"September 10th, 1970",Hawaii,Hawaii,United States
Mahina Zaltana,,Hawaii,Hawaii,United States
Raquel Devine,,Meridian,Idaho,United States
Harley Jade,"December 24th, 1994",Boise,Idaho,United States
Alana Evans,"July 6th, 1976",Idaho Falls,Idaho,United States
Alice Green,"April 29th, 1995",Idaho,Idaho,United States
Amethyst Banks,,Chicago,Illinois,United States
Amy Brooke,"June 25th, 1988",Chicago,Illinois,United States
Trisha Parks,"October 25th, 1993",Chicago,Illinois,United States
Kharlie Stone,"May 14th, 1996",Chicago,Illinois,United States
Stephanie West,"April 1st, 1992",Chicago,Illinois,United States
Devon Michaels,"March 8th, 1970",Chicago,Illinois,United States
Candy Manson,"November 11th, 1983",Chicago,Illinois,United States
Kiara Cole,"April 19th, 1999",Carbondale,Illinois,United States
Dana Wolf,"August 6th, 1998",Chicago,Illinois,United States
Prince Yashua  ,"March 21st, 1970",Chicago,Illinois,United States
Veruca James,"April 6th, 1989",Chicago,Illinois,United States
Lola Luscious,,Chicago,Illinois,United States
Kara Nox,"July 23rd, 1975",Chicago,Illinois,United States
Nyomi Knox,"October 14th, 1972",Chicago,Illinois,United States
Kayla Carrera,"June 30th, 1978",Chicago,Illinois,United States
Alice Coxxx,"July 30th, 1998",Chicago,Illinois,United States
Scarlett Bloom,"October 24th, 1998",Chicago,Illinois,United States
Ms.Yummy,"September 17th, 1989",Chicago,Illinois,United States
Randy Spears,,Kankakee,Illinois,United States
Starri Knight,"September 27th, 1987",Decatur,Illinois,United States
TJ Hart,"February 25th, 1967",Dekalb,Illinois,United States
Shazia Sahari,"October 25th, 1984",Illinois,Illinois,United States
Pressley Carter,"August 30th, 1991",Illinois,Illinois,United States
Layla Rose,"January 1st, 1992",Chicago,Illinois,United States
Aaliyah Love,"June 11th, 1981",Chicago,Illinois,United States
Krystal Orchid,"January 3rd, 1995",Illinois,Illinois,United States
Christy Mack,"May 9th, 1991",Illinois,Illinois,United States
Adessa Winters,"February 27th, 1995",Chicago,Illinois,United States
Payton Preslee,"February 24th, 1994",Chicago,Illinois,United States
Lala Ivey,,Chicago,Illinois,United States
Jovan Jordan,"October 7th, 1985",Gary,Indiana,United States
Devon Lee,,Linton,Indiana,United States
Rachael Cavalli,"July 8th, 1984",Marion,Indiana,United States
Sidney Alexis,"December 9th, 1998",Princeton,Indiana,United States
Marie McCray,"May 21st, 1985",Indianapolis,Indiana,United States
Emma Heart,"May 24th, 1988",Indian,Indiana,United States
Roxy Deville,"November 8th, 1982",Indiana,Indiana,United States
Holly Hendrix,"April 20th, 1997",Indiana,Indiana,United States
Ryan Mclane,,Indiana,Indiana,United States
Teanna Trump,"August 19th, 1995",Indiana,Indiana,United States
India Summer,"April 26th, 1976",Des Moines,Iowa,United States
Blaire Banks,"January 10th, 1991",Iowa,Iowa,United States
Athena Pleasures,"August 9th, 1986",Iowa,Iowa,United States
Preston Parker,"January 27th, 1980",Iowa,Iowa,United States
Brendon Miller,,Kansas City,Kansas,United States
Sammy Brooks,"July 12th, 1971",Kansas,Kansas,United States
Charley Chase,"August 6th, 1987",Louisville,Kentucky,United States
Charisma Cappelli,"June 8th, 1986",Kentucky,Kentucky,United States
Cody Lane,"November 28th, 1986",Kentucky,Kentucky,United States
Cherokee,"January 12th, 1982",Kentucky,Kentucky,United States
Chloe Addison,"July 5th, 1992",Kentucky,Kentucky,United States
Karlie Brooks,,Kentucky,Kentucky,United States
Angelina Valentine,"September 19th, 1986",Kentucky ,Kentucky,United States
Farrah Dahl,"December 1st, 1980",Lafayette,Louisiana,United States
Katerina Kay,"April 22nd, 1993",New Orleans,Louisiana,United States
Mz Berlin,"May 19th, 1979",Shreveport,Louisiana,United States
Becky Bandini,"February 27th, 1987",Baton Rouge,Louisiana,United States
Cameron Dee,"June 28th, 1986",Bellflower,Louisiana,United States
JR Carrington,"December 31st, 1969",Kinder,Louisiana,United States
Alina Ali,"July 27th, 1998",New Orleans,Louisiana,United States
Erica Lauren,"December 21st, 1954",New Orleans,Louisiana,United States
Rob Piper,"December 19th, 1983",New Orleans,Louisiana,United States
Sovereign Syre,"July 4th, 1986",New Orleans,Louisiana,United States
Kendra Spade,"May 11th, 1998",New Orleans,Louisiana,United States
Lacey London,"May 11th, 1995",New Orleans,Louisiana,United States
Lexi Belle,"August 5th, 1987",Independence,Louisiana,United States
Katy Kiss,"April 14th, 1993",Louisiana,Louisiana,United States
Indica Flower,"May 9th, 1997",Louisiana,Louisiana,United States
Memphis Monroe,"March 17th, 1985",Louisiana ,Louisiana,United States
Haley Spades,"September 23rd, 1998",New Orleans,Louisiana,United States
Mickey Mod,"September 23rd, 1979",Baltimore,Maryland,United States
Ralph Long,"February 1st, 1980",Baltimore,Maryland,United States
Nadia White,"October 6th, 1987",Frederick,Maryland,United States
Kendall Woods,"April 16th, 1998",Baltimore,Maryland,United States
Abigail Mac,,Columbia,Maryland,United States
Talia Palmer,"September 29th, 1990",Maryland,Maryland,United States
Codi Carmichael,"April 1st, 1987",Maryland,Maryland,United States
Andy San Dimas,"October 3rd, 1986",Maryland,Maryland,United States
Rainia Belle,"May 24th, 1994",Maryland,Maryland,United States
Kasey Warner,"September 9th, 1995",Maryland,Maryland,United States
Layla Price,"August 30th, 1991",Baltimore,Massachusetts,United States
Gabriella Salvatore,"December 2nd, 1993",Boston,Massachusetts,United States
Asphyxia,"June 27th, 1989",Methuen,Massachusetts,United States
Kirsten Price,"November 13th, 1981",Boston,Massachusetts,United States
Veronica Rayne,"November 29th, 1976",Newbury Port,Massachusetts,United States
Lucas Stone,,Mattapan,Massachusetts,United States
Valerie White,"April 1st, 1990",Massachusetts,Massachusetts,United States
Romi Rain,"January 12th, 1988",Boston,Massachusetts,United States
Jenna J Ross,"December 17th, 1988",Boston,Massachusetts,United States
Derrick Pierce,"March 1st, 1974",Massachusetts,Massachusetts,United States
Jack Vegas,"November 30th, 1974",Boston,Massachusetts,United States
Oliver Flynn,"July 12th, 1993",Chesterfield,Michigan,United States
Gia Paige,"June 18th, 1990",Detroit,Michigan,United States
Addison Lee,"October 1st, 1992",Detroit,Michigan,United States
Rebecca Rayann,"May 7th, 1974",Owosso,Michigan,United States
Maggie Green,"August 4th, 1980",Ann Arbor,Michigan,United States
Karissa Shannon,"October 2nd, 1989",Ann Arbor,Michigan,United States
Michelle Lay,"July 30th, 1969",Ann Arbor,Michigan,United States
Kristina Shannon,"October 2nd, 1989",Ann Arbor,Michigan,United States
Sarah Jessie,"December 26th, 1977",Detroit,Michigan,United States
Vanilla Deville,"December 12th, 1970",Detroit,Michigan,United States
Linzee Ryder,"May 2nd, 1984",Detroit,Michigan,United States
Zoey Monroe,"June 11th, 1992",Detroit,Michigan,United States
Andrea Anderson,"November 9th, 1987",Holly,Michigan,United States
Tanner Mays,"May 31st, 1989",Michigan,Michigan,United States
Eliza Jane,"September 7th, 1993",Michigan,Michigan,United States
Regan,"December 2nd, 1977",Michigan,Michigan,United States
Alexis Monroe.,"October 22nd, 1990",Michigan,Michigan,United States
Brandi Love,"March 29th, 1973",Michigan,Michigan,United States
Karmen Karma,"August 5th, 1991",Michigan,Michigan,United States
Kendra Lust,"September 18th, 1978",Michigan,Michigan,United States
Zoe Voss,"January 4th, 1990",Minneapolis,Minnesota,United States
Jillian Janson,"May 23rd, 1995",Minneapolis,Minnesota,United States
Chad Alva,"January 11th, 1985",St Paul,Minnesota,United States
Alexis Malone,"June 29th, 1979",St Paul,Minnesota,United States
Jordan Maxx,"March 26th, 1986",Minneapolis,Minnesota,United States
Jazy Berlin,"January 1st, 1985",Minneapolis,Minnesota,United States
Siri Dahl,"June 20th, 1988",Minneapolis,Minnesota,United States
Layla Love,"December 31st, 1999",St Paul,Minnesota,United States
Chad Alva,"January 11th, 1985",St. Paul,Minnesota,United States
April Brookes,"April 24th, 1993",Minnesota,Minnesota,United States
Kennedy Leigh,"March 11th, 1994",Minnesota,Minnesota,United States
Seth Dickens,"January 11th, 1977",Minnesota,Minnesota,United States
Alice Pink,,Minnesota,Minnesota,United States
Kyle Mason,"February 27th, 1987",Minnesota,Minnesota,United States
Jessica Lynn,"July 8th, 1985",Minnesota,Minnesota,United States
Gaia,"August 2nd, 1986",Minnesota,Minnesota,United States
Kyle Mason,"February 27th, 1987",Minnesota,Minnesota,United States
Lily Adams,"July 7th, 1996",Mississippi,Mississippi,United States
Casey Cumz,"May 18th, 1989",Mississippi,Mississippi,United States
Sonny Hicks,"June 22nd, 1987",Oxford,Mississippi,United States
Dixie Lynn,"April 23rd, 2001",Mississippi,Mississippi,United States
Kenna James,"January 16th, 1995",Evansville,Missouri,United States
Evelin Stone,"September 10th, 1993",Farmington,Missouri,United States
Victoria Voxxx,"December 5th, 1994",Kansas City,Missouri,United States
Rosalyn Sphinx,"July 19th, 1999",St. Louis,Missouri,United States
Amilia Onyx,"March 16th, 1999",Camden,Missouri,United States
Jane Douxxx,"October 13th, 1987",St. Louis,Missouri,United States
Brittney Skye,"November 5th, 1977",Cape Girardeau,Missouri,United States
Alex Harper,,Missouri,Missouri,United States
Alec Knight,"June 13th, 1972",Missouri,Missouri,United States
London Rose,"July 24th, 1988",Kansas City,Missouri,United States
Zoe Clark,,Missouri,Missouri,United States
Kasey Grant,"March 1st, 1979",Forsyth,Montana,United States
Allie Haze,"May 10th, 1987",Redlands,Montana,United States
Sia Lust ,"March 11th, 2002",Missoula,Montana,United States
Austin Lynn,"January 16th, 1989",Montana,Montana,United States
Lacey Bender,"May 24th, 1982",Montana,Montana,United States
Maxim Law,"June 19th, 1993",Montana,Montana,United States
Val Dodds,"February 14th, 1994",Lincoln,Nebraska,United States
Morgan Lee,"March 26th, 1993",Omaha,Nebraska,United States
Gianna Michaels,"June 6th, 1983",Nebraska,Nebraska,United States
Leona Dulce,"April 2nd, 1989",Nebraska,Nebraska,United States
Alli Rae,"May 25th, 1995",Nebraska,Nebraska,United States
Harmony Rivers,"August 7th, 1998",Nebraska,Nebraska,United States
Hadley Mason,"May 11th, 1994",Nebraska,Nebraska,United States
Summer Hart,"February 4th, 1990",Las Vegas,Nevada,United States
Mr. Pete,"January 30th, 1980",Las Vegas,Nevada,United States
Jasmine Grey,"April 11th, 1995",Las Vegas,Nevada,United States
Nicolette Shea,"November 18th, 1986",Las Vegas,Nevada,United States
Isabella Nice,"January 11th, 1998",Las Vegas,Nevada,United States
Quinn Waters,"September 10th, 1985",Las Vegas,Nevada,United States
Joey Brass,"June 9th, 1985",Las Vegas,Nevada,United States
Jeanie Marie Sulivan,"December 4th, 1986",Clark County,Nevada,United States
Brenna Sparks,"February 2nd, 1992",Las Vegas,Nevada,United States
Judy Jolie,"November 8th, 1998",Las Vegas,Nevada,United States
Samantha Rone,"May 5th, 1994",Las Vegas,Nevada,United States
Kassondra Raine,"November 2nd, 1987",Las Vegas,Nevada,United States
Faye Reagan,"September 19th, 1988",Las Vegas,Nevada,United States
Lynn Vega,"June 15th, 1983",Las Vegas,Nevada,United States
Alexis Adams,"November 3rd, 1992",Las Vegas,Nevada,United States
Brooke Sinclaire,,Las Vegas,Nevada,United States
Charlotte Sins,"August 15th, 1996",Las Vegas,Nevada,United States
Buddy Hollywood,"March 7th, 1994",Las Vegas,Nevada,United States
Leya Falcon,"March 3rd, 1988",Las Vegas,Nevada,United States
Alexa Nova,"January 24th, 1994",Los Vegas,Nevada,United States
Lola James,,Nevada,Nevada,United States
Kinzie Fox,"January 9th, 1980",Nevada,Nevada,United States
Jaelyn Fox,"February 18th, 1988",Nevada,Nevada,United States
Brooke Bennett,"November 11th, 1986",Nevada,Nevada,United States
Davia Ardell,"March 17th, 1975",Nevada,Nevada,United States
Persia,"December 6th, 1982",Nevada,Nevada,United States
Codi Vore,"May 18th, 1995",Las Vegas,Nevada,United States
Selena Santana ,"August 7th, 1990",Las Vegas,Nevada,United States
Karla Kush,"January 19th, 1991",Las Vegas,Nevada,United States
Jewelz Blu,"September 21st, 1994",Nevada,Nevada,United States
Danni Rivers,"July 25th, 1999",Nevada,Nevada,United States
Adria Rae,,Nevada,Nevada,United States
Jazmin Luv,"October 27th, 1999",Las Vegas,Nevada,United States
Jamie Knoxx,"July 14th, 1978",Las Vegas,Nevada,United States
Ryder Rey,,Las Vegas,Nevada,United States
Ryan Love,,Las Vegas,Nevada,United States
Katie Kox,"December 17th, 1985",Las Vegas  ,Nevada,United States
Daisy Monroe,"December 10th, 1990",Los Vegas,Nevada,United States
Sophia Locke,"April 7th, 1985",Nevada,Nevada,United States
Karter Foxx,"October 1st, 1995",Nevada,Nevada,United States
Elektra Rose,"April 11th, 1995",New Hampshire,New Hampshire,United States
Kenzie Reeves,"July 7th, 1997",New Hampshire,New Hampshire,United States
Jenna Presley,"April 1st, 1987",Berkeley Heights,New Jersey,United States
Nade Nasty,"April 6th, 1997",Hackensack,New Jersey,United States
Cassandra Cruz,"September 27th, 1982",Weehawken,New Jersey,United States
Danielle Derek,"September 7th, 1981",Bloomfield,New Jersey,United States
Brooklyn Springvalley,"June 3rd, 1987",Allendale,New Jersey,United States
Tommy Gunn,"May 13th, 1967",Cherry Hill,New Jersey,United States
Alanah Rae,"February 9th, 1988",Freehold,New Jersey,United States
Katt Garcia,"April 2nd, 1995",New Jersey,New Jersey,United States
Connor Kennedy,"January 1st, 1995",Sicklerville,New Jersey,United States
Aubrey Addams,,Westfield,New Jersey,United States
London Jolie,"January 29th, 1985",New Jersey,New Jersey,United States
Amber Cox,"July 9th, 1985",New Jersey,New Jersey,United States
Lauren Phillips,"December 8th, 1987",New Jersey,New Jersey,United States
Madison Fox,"August 31st, 1988",New Jersey,New Jersey,United States
Aiden Starr,"August 27th, 1979",New Jersey,New Jersey,United States
Tiffany Bannister,"September 14th, 1992",New Jersey,New Jersey,United States
Britney Shannon,"May 24th, 1988",New Jersey,New Jersey,United States
Jaclyn Taylor,"February 15th, 1988",New Jersey,New Jersey,United States
Johnny Castle,"January 31st, 1980",New Jersey,New Jersey,United States
Tim Cannon,"December 16th, 1983",New Jersey,New Jersey,United States
Chloe Chaos,"November 30th, 1988",Albuquerque,New Mexico,United States
Sophia Leone,"June 10th, 1997",Albuquerque,New Mexico,United States
Olivia Olovely,"September 26th, 1976",Santa Fe,New Mexico,United States
Priya Price,"April 29th, 1992",Albuquerque ,New Mexico,United States
Jennifer Best,"March 23rd, 1980",New Mexico,New Mexico,United States
Joslyn James,"November 22nd, 1977",Adirondacks,New York,United States
Lil D,"August 6th, 1999",Harlem,New York,United States
Melina Mason,"May 26th, 1990",Long Island,New York,United States
Sarah Vandella,"December 2nd, 1983",Long Island,New York,United States
Sophia Santi,"December 6th, 1981",Manhattan,New York,United States
Renae Cruz,"November 29th, 1987",New York,New York,United States
Autumn Falls,"August 4th, 2000",New York,New York,United States
Mike Mancini,"July 1st, 1986",New York City,New York,United States
Jane Wilde,"September 23rd, 1998",New York City,New York,United States
Vienna Black,"May 27th, 1995",Queens,New York,United States
Sammie Spades,"December 30th, 1986",Buffalo,New York,United States
Richelle Ryan,"July 11th, 1985",Rochester,New York,United States
Mary Jean,"August 19th, 1989",Bronx,New York,United States
Nikki Delano,"April 12th, 1986",Brooklyn,New York,United States
Victoria June,"May 6th, 1992",Brooklyn,New York,United States
Joanna Angel,"December 25th, 1980",Brooklyn,New York,United States
Jeni Angel,"March 28th, 2001",Buffalo,New York,United States
Nina Pink,"April 8th, 1996",Long Island,New York,United States
Jenna Ashley,"February 12th, 1994",Mattituck,New York,United States
Indigo Augustine,"September 3rd, 1987",New York,New York,United States
Asa Akira,"July 25th, 1990",New York,New York,United States
Alix Lynx,"May 5th, 1989",New York,New York,United States
Sean Michaels,"February 20th, 1958",New York,New York,United States
Janice Griffith,"July 3rd, 1995",New York,New York,United States
Rachael Madori,,New York,New York,United States
Eric John,"January 7th, 1970",Plattsburgh,New York,United States
Tommy Pistol,"June 2nd, 1976",Queens,New York,United States
Savanna Samson,"October 14th, 1967",Rochester,New York,United States
Angelina Diamanti,"April 27th, 1989",Rochester,New York,United States
Nat Turnher,"December 2nd, 1975",Roosevelt,New York,United States
Kayla Kayden,"September 6th, 1988",Syracuse,New York,United States
Ava Devine,"January 21st, 1974",Long Island,New York,United States
Madelyn Marie,"January 28th, 1987",New York,New York,United States
Lavish Styles,"March 3rd, 1989",New York,New York,United States
AJ Applegate,"September 23rd, 1989",New York,New York,United States
Georgia Jones,"April 4th, 1988",New York,New York,United States
Tessa Lane,"September 8th, 1988",New York,New York,United States
Alexis Ford,"April 24th, 1988",New York,New York,United States
Madison Rose,"April 29th, 1984",New York,New York,United States
Roxanne Rae,"December 7th, 1993",New York,New York,United States
Kendall Kayden,"September 8th, 1990",New York,New York,United States
Anya Olsen,"September 27th, 1994",New York,New York,United States
Kandace Kayne,"March 21st, 1992",New York,New York,United States
Savannah Fox,"September 2nd, 1987",New York,New York,United States
Mia Little,"May 28th, 1990",New York,New York,United States
Luxury Girl,"May 10th, 1993",New York,New York,United States
Felicity Feline,"July 21st, 1992",Long Island,New York,United States
Mazee ,"February 26th, 1992",New York,New York,United States
Laila Lust,"July 18th, 1996",New York,New York,United States
Alexa Grace,"November 4th, 1994",New York,New York,United States
Sonny Nash,"August 9th, 1990",New York,New York,United States
Marykate Moss,"October 26th, 1994",New York,New York,United States
Sadie Pop,"January 5th, 1996",New York,New York,United States
Dollie Darko,"January 9th, 1979",New York ,New York,United States
Enzo Lorenzo,"December 31st, 1969",New York City,New York,United States
Mikey Butders,"March 8th, 1982",New York City,New York,United States
Rocco Reed,,Charlotte,North Carolina,United States
Dana DeArmond,"June 16th, 1979",Fort Bragg,North Carolina,United States
Aaliyah Hadid,"October 19th, 1995",Sanford,North Carolina,United States
Olivia Blu,"October 26th, 1989",Goldsboro,North Carolina,United States
Pressure,"April 26th, 1991",Raleigh,North Carolina,United States
Gracie Glam,"September 30th, 1990",Raleigh,North Carolina,United States
Michelle Anderson,"May 2nd, 2001",Raleigh,North Carolina,United States
Austin Kincaid,"January 14th, 1980",Asheville,North Carolina,United States
Cherie Deville,"August 30th, 1978",Durham,North Carolina,United States
Layla London,"July 6th, 1993",NC,North Carolina,United States
Ray Veness,"June 19th, 1972",North Carolina,North Carolina,United States
Maddy O'Reilly,"May 3rd, 1990",North Carolina,North Carolina,United States
Lacy Lennon,"January 23rd, 1997",North Carolina,North Carolina,United States
Kalina Ryu,"December 15th, 1984",North Carolina,North Carolina,United States
Jaye Summers,"March 23rd, 1995",North Carolina,North Carolina,United States
Amanda Nicole,,North Carolina,North Carolina,United States
Proxy Paige,"May 19th, 1989",North Dakota,North Dakota,United States
Staci Carr,"August 28th, 1993",North Dakota,North Dakota,United States
Nikki Kane,"October 7th, 1987",Athens,Ohio,United States
Elsa Jean,"September 1st, 1996",Canton,Ohio,United States
Bonnie Rotten,"May 9th, 1993",Cincinnati,Ohio,United States
Katie Monroe,"June 1st, 1984",Cleveland,Ohio,United States
Isiah Maxwell,"March 28th, 1989",Cleveland,Ohio,United States
Nikki Hearts,"September 1st, 1992",Columbus,Ohio,United States
Danica Dillon,"January 4th, 1987",Rock Creek,Ohio,United States
Brandy Talore,"February 2nd, 1982",Bowling Green,Ohio,United States
Lily Rader,"August 15th, 1996",Akron,Ohio,United States
Charli Shiin,"March 22nd, 1992",Cincinnati,Ohio,United States
Hailey Young,"October 15th, 1983",Cincinnati,Ohio,United States
Sara Jay,"November 14th, 1977",Cincinnati,Ohio,United States
Angel,"December 31st, 1969",Cleveland,Ohio,United States
Katie Jordin,"June 16th, 1983",Cleveland,Ohio,United States
Amber Ivy,"November 6th, 1993",Cleveland,Ohio,United States
Xander Corvus,"November 18th, 1988",Columbus,Ohio,United States
Melissa Lynn,"December 22nd, 1979",Columbus,Ohio,United States
Michele James,"October 27th, 1995",Steubenville,Ohio,United States
Brooke Tyler,"February 28th, 1967",Ohio,Ohio,United States
Heather Starlet,"August 14th, 1989",Ohio,Ohio,United States
Brooklyn Lee,"June 1st, 1989",Ohio,Ohio,United States
Destiny Dixon,"December 3rd, 1984",Cincinnati,Ohio,United States
Gia Derza,"December 15th, 1998",Ohio,Ohio,United States
Dakota Skye,"April 17th, 1994",Ohio,Ohio,United States
Lee Stone,,Ohio,Ohio,United States
Presley Maddox,"May 11th, 1986",Ohio,Ohio,United States
Scarlett Mae,"August 9th, 1996",Ohio,Ohio,United States
Whitney Wright,"September 20th, 1991",Oklahoma City,Oklahoma,United States
Codi Bryant,"February 28th, 1984",Oklahoma City,Oklahoma,United States
Kylie Page,"February 13th, 1997",Oklahoma,Oklahoma,United States
Nia Nacci,"December 10th, 1988",Oklahoma,Oklahoma,United States
Nicole Kitt ,"October 10th, 1994",Oklahoma City,Oklahoma,United States
Kendra Sunderland,"June 16th, 1995",Salem,Oregon,United States
Lexi Tyler,"May 16th, 1983",Beaverton,Oregon,United States
Tiffany Watson,"October 2nd, 1995",Corvallis,Oregon,United States
Karen Fisher,"October 26th, 1976",Portland,Oregon,United States
Lexi Bloom,"September 7th, 1989",Portland,Oregon,United States
Anna de Ville,"February 12th, 1997",Oregon,Oregon,United States
Dolly Little,"May 21st, 1995",Oregon,Oregon,United States
Lily Carter,"April 15th, 1990",Oregon,Oregon,United States
Amber Chase,"August 31st, 1975",Oregon,Oregon,United States
Jessa Rhodes,"June 29th, 1993",Oregon,Oregon,United States
Dani Daniels,"September 23rd, 1989",Oregon,Oregon,United States
Azul Hermosa,"September 15th, 1992",Oregon,Oregon,United States
Chloe Cherry,"August 23rd, 1997",Lancaster,Pennsylvania,United States
Charles Dera,"December 21st, 1978",Morrisville,Pennsylvania,United States
Alexis Fawx,"June 23rd, 1975",Pennsylvania,Pennsylvania,United States
Bobbi Dylan,"November 29th, 1992",Philadelphia,Pennsylvania,United States
Chanell Heart,"July 3rd, 1993",Pittsburgh,Pennsylvania,United States
Lylith Lavey,"October 17th, 1987",Schuylkill Haven,Pennsylvania,United States
Selena Love,"July 18th, 2000",Scranton,Pennsylvania,United States
Devon,"March 28th, 1977",Allentown,Pennsylvania,United States
Kelly Divine,"July 3rd, 1984",Chester,Pennsylvania,United States
Lisa Ann,"May 9th, 1972",Easton,Pennsylvania,United States
Adriana Chechik,"November 4th, 1991",Downingtown,Pennsylvania,United States
Janna Hicks,"December 5th, 1984",New Kensington,Pennsylvania,United States
Jessica Robbin,"November 20th, 1994",Philadelphia,Pennsylvania,United States
Lily Larimar,"June 30th, 1998",Pittsburgh,Pennsylvania,United States
Mila Monet,"July 8th, 2002",Pittsburgh,Pennsylvania,United States
Marco Ducati,,Pennsylvania,Pennsylvania,United States
Hunter Bryce,"October 9th, 1980",Pennsylvania,Pennsylvania,United States
Megan Foxx,"February 9th, 1988",Pennsylvania,Pennsylvania,United States
Miko Dai,"July 16th, 1989",Pennsylvania,Pennsylvania,United States
Alyssa Lynn,"April 30th, 1980",Pennsylvania,Pennsylvania,United States
Jacky Joy,"August 27th, 1985",Pennsylvania,Pennsylvania,United States
Paige Owens,"August 1st, 1997",Pittsburgh,Pennsylvania,United States
Amara Romani,"March 25th, 1993",Pittsburgh,Pennsylvania,United States
Alexis Tae,"October 20th, 1997",Pennsylvania,Pennsylvania,United States
Johnny Sins,"December 31st, 1978",Pennsylvania,Pennsylvania,United States
Kate England,"May 25th, 1991",Pennsylvania ,Pennsylvania,United States
Addison Ryder,"July 22nd, 1995",Providence,Rhode Island,United States
Leila Larocco,"April 10th, 1991",Rhode Island,Rhode Island,United States
MJFresh,,Myrtle Beach,South Carolina,United States
Reyna De La Cruz,"April 15th, 2001",Charleston,South Carolina,United States
Lezley Zen,"February 18th, 1974",Charleston,South Carolina,United States
Cherry Torn,"July 29th, 1986",South Carolina,South Carolina,United States
Sierra,"February 19th, 1988",South Carolina,South Carolina,United States
Kortney Kane,"July 31st, 1986",South Carolina,South Carolina,United States
Charity Bangs,"May 24th, 1997",South Carolina,South Carolina,United States
Advoree,"June 16th, 1994",South Carolina,South Carolina,United States
Brenda James,"September 27th, 1970",South Dakota,South Dakota,United States
Rebecca Vanguard,"May 19th, 1998",Sioux Falls,South Dakota,United States
Victoria Cakes,"February 9th, 1991",Memphis,Tennessee,United States
Noelle Easton,"December 17th, 1994",Knoxville,Tennessee,United States
Kimber Kay,"February 10th, 1988",Memphis,Tennessee,United States
Anna Claire Clouds,"February 15th, 1995",Nashville,Tennessee,United States
Marilyn Michelle,"May 24th, 1985",Knoxville,Tennessee,United States
Flash Brown,"January 17th, 1981",Memphis,Tennessee,United States
Halle Von,"July 4th, 1994",Nashville,Tennessee,United States
Emma Starletto,"August 5th, 1999",Nashville,Tennessee,United States
Jenni Lee,"February 11th, 1982",Clarksville,Tennessee,United States
Cameron Canada,"March 7th, 1989",Tennessee,Tennessee,United States
Sally D'Angelo,"March 8th, 1954",Tennessee,Tennessee,United States
Brad Hart,"June 1st, 1991",Tennessee,Tennessee,United States
Bill Bailey,"November 21st, 1980",Tennessee,Tennessee,United States
Adrenalynn,"July 8th, 1985",Allen,Texas,United States
Kleio Valentien,"January 15th, 1986",Austin,Texas,United States
Angel Youngs,"January 15th, 2002",Austin,Texas,United States
Rachel Starr,"November 26th, 1983",Burleson,Texas,United States
Tana Lea,"March 9th, 1988",Caldwell,Texas,United States
Nina Mercedez,"November 10th, 1979",Corpus Christi,Texas,United States
Jenna Starr,"February 14th, 1987",Dallas,Texas,United States
Astrid Star,"June 11th, 1989",Dallas,Texas,United States
Emily Austin,"November 10th, 1989",Dallas,Texas,United States
Diamond Foxxx,"January 5th, 1973",Dallas,Texas,United States
Jill Kassidy,"February 18th, 1996",Dallas,Texas,United States
Julie Cash,"May 23rd, 1989",Dallas,Texas,United States
Tiffany Brookes,"October 11th, 1986",Dallas,Texas,United States
Megan Salinas,"March 2nd, 1994",Edinburg,Texas,United States
Nola Exico,"May 17th, 1994",El Paso,Texas,United States
Vanessa Cage,"November 19th, 1991",Fort Worth,Texas,United States
Katie Summers,"July 9th, 1989",Forth Worth,Texas,United States
Aria Alexander,"March 14th, 1995",Houston,Texas,United States
Mona Azar,"July 6th, 1989",Houston,Texas,United States
Nicole Graves,"August 24th, 1982",Houston,Texas,United States
Rachel Roxxx,"March 2nd, 1983",Houston,Texas,United States
Veronica Avluv,"November 23rd, 1972",Rowlett,Texas,United States
Jana Jordan,"March 9th, 1986",San Antonio,Texas,United States
Eve Lawrence,"October 4th, 1985",San Antonio,Texas,United States
Tanya James,"October 27th, 1983",San Antonio,Texas,United States
Abby Cross,"November 29th, 1992",Austin,Texas,United States
Jade Jantzen,"July 1st, 1993",Dallas,Texas,United States
Melissa Moore,"May 22nd, 1996",Dallas,Texas,United States
Ariana Marie,"March 15th, 1993",Dallas,Texas,United States
Ike Deizel,"May 1st, 1983",Dallas,Texas,United States
Moka Mora,"July 2nd, 1992",Dallas,Texas,United States
Jesse Jane,"July 16th, 1980",Fort Worth,Texas,United States
Kagney Linn Karter,"March 28th, 1987",Harris County,Texas,United States
Vina Sky,"March 14th, 1999",Houston,Texas,United States
Bree Olson,"October 7th, 1986",Houston,Texas,United States
Holly Hotwife,"October 14th, 1981",Houston,Texas,United States
Chloe Amour,"May 30th, 1991",San Antonio,Texas,United States
Belle Knox,"June 9th, 1995",San Antonio,Texas,United States
Teagan Presley,"July 24th, 1985",The Woodlands,Texas,United States
Sophia Fiore,,Texas,Texas,United States
Brynn Tyler,"November 14th, 1987",Texas,Texas,United States
Ashlynn Leigh,"May 11th, 1992",Texas,Texas,United States
Taylor Vixen,"October 25th, 1983",Texas,Texas,United States
Crissy James,"June 19th, 1987",Texas,Texas,United States
Sheridan Love,"October 13th, 1984",Dallas,Texas,United States
Dee Williams,"June 24th, 1977",Texas,Texas,United States
Lia Lor,,Texas,Texas,United States
Savannah Stevens,"June 4th, 1993",Texas,Texas,United States
Giselle Palmer,"February 7th, 1995",Texas,Texas,United States
Lexi Stone,"September 22nd, 1983",Fort Worth TX,Texas,United States
Tony Martinez,"August 15th, 1990",Texas,Texas,United States
Iris Rose,"June 28th, 1997",Texas,Texas,United States
Jean Michaels,"February 10th, 1990",Texas,Texas,United States
Monica Asis,,Texas,Texas,United States
Darcie Belle,"August 28th, 1995",Provo,Utah,United States
Angeline Red,"November 5th, 2002",Salt Lake City,Utah,United States
Athena Faris,"January 15th, 1997",Salt Lake City,Utah,United States
Christie Stevens,"September 12th, 1986",Salt Lake City,Utah,United States
Krissy Lynn,"December 14th, 1984",Salt Lake City,Utah,United States
Cytherea,"September 27th, 1981",Salt Lake City,Utah,United States
Mischa Brooks,"December 12th, 1990",Utah,Utah,United States
Amber Ashlee,"March 24th, 1985",Utah,Utah,United States
Olive Glass,"February 18th, 1990",Utah,Utah,United States
Alina Lopez,"September 6th, 1995",Utah,Utah,United States
Charlotte Stokely,"August 8th, 1986",Utah,Utah,United States
Aubree Valentine,"April 19th, 1998",Utah,Utah,United States
Sierra Nicole,"December 25th, 1992",Vermont,Vermont,United States
Alex Chance,"April 19th, 1989",Chesapeake,Virginia,United States
Aria Banks,"July 4th, 2000",Hampton,Virginia,United States
Brad Knight,"December 29th, 1988",Richmond,Virginia,United States
Lexi Lore,"October 30th, 1998",Richmond,Virginia,United States
Tessa Taylor,"August 22nd, 1990",Virginia,Virginia,United States
Chanel Skye,,Virginia,Virginia,United States
Scarlett Sage,"June 10th, 1997",Virginia,Virginia,United States
Melissa May,"February 25th, 1996",Virginia,Virginia,United States
David Loso,"April 21st, 1987",Auburn,Washington,United States
Tori Black,"August 26th, 1988",Seattle,Washington,United States
Summer Day,"March 19th, 1994",Seattle,Washington,United States
Kiara Diane,"December 31st, 1987",Yakima,Washington,United States
London Keyes,"August 18th, 1989",Seattle,Washington,United States
Maya Kendrick,"May 9th, 1996",Bellingham,Washington,United States
Syren De Mer,"June 24th, 1969",Bellingham,Washington,United States
Lucy Tyler,"June 5th, 1994",Seattle,Washington,United States
Molly Stewart,"November 5th, 1991",Seattle,Washington,United States
Sofi Ryan,"December 9th, 1992",Seattle,Washington,United States
Kiki Daire,"September 18th, 1976",Seattle,Washington,United States
Mindy Main,"April 30th, 1986",Olympia,Washington,United States
Holly Brooks,"January 14th, 1983",Washington,Washington,United States
Summer Bailey,"June 8th, 1989",Washington,Washington,United States
Ruby Rayes,"September 1st, 1989",Washington,Washington,United States
Nikki Phoenix,"September 21st, 1991",Seattle,Washington,United States
Chastity Lynn,"December 31st, 1969",Seattle,Washington,United States
Addie Andrews,"January 10th, 1989",Washington,Washington,United States
Robby Echo,"June 12th, 1986",Washington,Washington,United States
Jamie Jackson,"September 17th, 1990",Washington State,Washington,United States
Carmella Bing,"October 21st, 1981",Washington State,Washington,United States
Courtney Cummz,"December 4th, 1985",Shepherdstown,West Virginia,United States
Charlotte Cross,"September 1st, 1994",Princeton,West Virginia,United States
Natasha Vega,"January 10th, 1991",West Virginia,West Virginia,United States
Melody Jordan,"October 5th, 1991",West Virginia,West Virginia,United States
River Fox,"June 12th, 1999",West Virginia,West Virginia,United States
Kimberly Kendall,"May 28th, 1993",Milwaukee,Wisconsin,United States
Brittany Andrews,"August 13th, 1973",Milwaukee,Wisconsin,United States
Mz Dani,"October 3rd, 1986",Milwaukee,Wisconsin,United States
Val Steele,"June 12th, 1999",Milwaukee,Wisconsin,United States
Victoria Rae Black,"August 30th, 1988",Wisconsin,Wisconsin,United States
Lana Rhoades,"January 1st, 1996",Wisconsin,Wisconsin,United States
Alia Janine,"November 12th, 1978",Wisconsin,Wisconsin,United States
Kiera King,"August 18th, 1986",Wisconsin,Wisconsin,United States
Samantha Ryan,"March 3rd, 1978",Kansas,Kansas,United States
Tabatha Stevens,"February 16th, 1970",Freeport,New York,United States
